Wall time,Step,Value
1524037029.510622,400,0.6666666865348816
1524037614.4976993,800,0.6666666865348816
