Wall time,Step,Value
1524037029.510622,400,0.6685276627540588
1524037614.4976993,800,0.6544213891029358
